combine,number,0,mkt
s0,1101,台泥,TSE
s1,1102,亞泥,TSE
s2,1103,嘉泥,TSE
s3,1104,環泥,TSE
s4,1108,幸福,TSE
s5,1109,信大,TSE
s6,1110,東泥,TSE
s7,1201,味全,TSE
s8,1203,味王,TSE
s9,1210,大成,TSE
s10,1213,大飲,TSE
s11,1215,卜蜂,TSE
s12,1216,統一,TSE
s13,1217,愛之味,TSE
s14,1218,泰山,TSE
s15,1219,福壽,TSE
s16,1220,台榮,TSE
s17,1225,福懋油,TSE
s18,1227,佳格,TSE
s19,1229,聯華,TSE
s20,1231,聯華食,TSE
s21,1232,大統益,TSE
s22,1233,天仁,TSE
s23,1234,黑松,TSE
s24,1235,興泰,TSE
s25,1236,宏亞,TSE
s26,1240,茂生農經,OTC
s27,1256,鮮活果汁-KY,TSE
s28,1259,安心,OTC
s29,1264,德麥,OTC
s30,1268,漢來美食,OTC
s31,1301,台塑,TSE
s32,1303,南亞,TSE
s33,1304,台聚,TSE
s34,1305,華夏,TSE
s35,1307,三芳,TSE
s36,1308,亞聚,TSE
s37,1309,台達化,TSE
s38,1310,台苯,TSE
s39,1312,國喬,TSE
s40,1313,聯成,TSE
s41,1314,中石化,TSE
s42,1315,達新,TSE
s43,1316,上曜,TSE
s44,1319,東陽,TSE
s45,1321,大洋,TSE
s46,1323,永裕,TSE
s47,1324,地球,TSE
s48,1325,恒大,TSE
s49,1326,台化,TSE
s50,1336,台翰,OTC
s51,1337,再生-KY,TSE
s52,1338,廣華-KY,TSE
s53,1339,昭輝,TSE
s54,1340,勝悅-KY,TSE
s55,1341,富林-KY,TSE
s56,1342,八貫,TSE
s57,1402,遠東新,TSE
s58,1409,新纖,TSE
s59,1410,南染,TSE
s60,1413,宏洲,TSE
s61,1414,東和,TSE
s62,1416,廣豐,TSE
s63,1417,嘉裕,TSE
s64,1418,東華,TSE
s65,1419,新紡,TSE
s66,1423,利華,TSE
s67,1432,大魯閣,TSE
s68,1434,福懋,TSE
s69,1435,中福,TSE
s70,1436,華友聯,TSE
s71,1437,勤益控,TSE
s72,1438,三地開發,TSE
s73,1439,雋揚,TSE
s74,1440,南紡,TSE
s75,1441,大東,TSE
s76,1442,名軒,TSE
s77,1443,立益物流,TSE
s78,1444,力麗,TSE
s79,1445,大宇,TSE
s80,1446,宏和,TSE
s81,1447,力鵬,TSE
s82,1449,佳和,TSE
s83,1451,年興,TSE
s84,1452,宏益,TSE
s85,1453,大將,TSE
s86,1454,台富,TSE
s87,1455,集盛,TSE
s88,1456,怡華,TSE
s89,1457,宜進,TSE
s90,1459,聯發,TSE
s91,1460,宏遠,TSE
s92,1463,強盛,TSE
s93,1464,得力,TSE
s94,1465,偉全,TSE
s95,1466,聚隆,TSE
s96,1467,南緯,TSE
s97,1468,昶和,TSE
s98,1470,大統新創,TSE
s99,1471,首利,TSE
s100,1472,三洋實業,TSE
s101,1473,台南,TSE
s102,1474,弘裕,TSE
s103,1475,業旺,TSE
s104,1476,儒鴻,TSE
s105,1477,聚陽,TSE
s106,1503,士電,TSE
s107,1504,東元,TSE
s108,1506,正道,TSE
s109,1512,瑞利,TSE
s110,1513,中興電,TSE
s111,1514,亞力,TSE
s112,1515,力山,TSE
s113,1516,川飛,TSE
s114,1517,利奇,TSE
s115,1519,華城,TSE
s116,1521,大億,TSE
s117,1522,堤維西,TSE
s118,1524,耿鼎,TSE
s119,1525,江申,TSE
s120,1526,日馳,TSE
s121,1527,鑽全,TSE
s122,1528,恩德,TSE
s123,1529,樂事綠能,TSE
s124,1530,亞崴,TSE
s125,1531,高林股,TSE
s126,1532,勤美,TSE
s127,1533,車王電,TSE
s128,1535,中宇,TSE
s129,1536,和大,TSE
s130,1537,廣隆,TSE
s131,1538,正峰,TSE
s132,1539,巨庭,TSE
s133,1540,喬福,TSE
s134,1541,錩泰,TSE
s135,1558,伸興,TSE
s136,1560,中砂,TSE
s137,1565,精華,OTC
s138,1568,倉佑,TSE
s139,1569,濱川,OTC
s140,1570,力肯,OTC
s141,1580,新麥,OTC
s142,1582,信錦,TSE
s143,1583,程泰,TSE
s144,1584,精剛,OTC
s145,1586,和勤,OTC
s146,1587,吉茂,TSE
s147,1589,永冠-KY,TSE
s148,1590,亞德客-KY,TSE
s149,1591,駿吉-KY,OTC
s150,1593,祺驊,OTC
s151,1595,川寶,OTC
s152,1597,直得,TSE
s153,1598,岱宇,TSE
s154,1599,宏佳騰,OTC
s155,1603,華電,TSE
s156,1604,聲寶,TSE
s157,1605,華新,TSE
s158,1608,華榮,TSE
s159,1609,大亞,TSE
s160,1611,中電,TSE
s161,1612,宏泰,TSE
s162,1614,三洋電,TSE
s163,1615,大山,TSE
s164,1616,億泰,TSE
s165,1617,榮星,TSE
s166,1618,合機,TSE
s167,1626,艾美特-KY,TSE
s168,1701,中化,TSE
s169,1702,南僑,TSE
s170,1707,葡萄王,TSE
s171,1708,東鹼,TSE
s172,1709,和益,TSE
s173,1710,東聯,TSE
s174,1711,永光,TSE
s175,1712,興農,TSE
s176,1713,國化,TSE
s177,1714,和桐,TSE
s178,1717,長興,TSE
s179,1718,中纖,TSE
s180,1720,生達,TSE
s181,1721,三晃,TSE
s182,1722,台肥,TSE
s183,1723,中碳,TSE
s184,1725,元禎,TSE
s185,1726,永記,TSE
s186,1727,中華化,TSE
s187,1730,花仙子,TSE
s188,1731,美吾華,TSE
s189,1732,毛寶,TSE
s190,1733,五鼎,TSE
s191,1734,杏輝,TSE
s192,1735,日勝化,TSE
s193,1736,喬山,TSE
s194,1737,臺鹽,TSE
s195,1742,台蠟,OTC
s196,1752,南光,TSE
s197,1760,寶齡富錦,TSE
s198,1762,中化生,TSE
s199,1773,勝一,TSE
s200,1776,展宇,TSE
s201,1777,生泰,OTC
s202,1781,合世,OTC
s203,1783,和康生,TSE
s204,1784,訊聯,OTC
s205,1785,光洋科,OTC
s206,1786,科妍,TSE
s207,1788,杏昌,OTC
s208,1789,神隆,TSE
s209,1795,美時,TSE
s210,1796,金穎生技,OTC
s211,1799,易威,OTC
s212,1802,台玻,TSE
s213,1805,寶徠,TSE
s214,1806,冠軍,TSE
s215,1808,潤隆,TSE
s216,1809,中釉,TSE
s217,1810,和成,TSE
s218,1813,寶利徠,OTC
s219,1815,富喬,OTC
s220,1817,凱撒衛,TSE
s221,1903,士紙,TSE
s222,1904,正隆,TSE
s223,1905,華紙,TSE
s224,1906,寶隆,TSE
s225,1907,永豐餘,TSE
s226,1909,榮成,TSE
s227,2002,中鋼,TSE
s228,2006,東和鋼鐵,TSE
s229,2007,燁興,TSE
s230,2008,高興昌,TSE
s231,2009,第一銅,TSE
s232,2010,春源,TSE
s233,2012,春雨,TSE
s234,2013,中鋼構,TSE
s235,2014,中鴻,TSE
s236,2015,豐興,TSE
s237,2017,官田鋼,TSE
s238,2020,美亞,TSE
s239,2022,聚亨,TSE
s240,2023,燁輝,TSE
s241,2024,志聯,TSE
s242,2025,千興,TSE
s243,2027,大成鋼,TSE
s244,2028,威致,TSE
s245,2029,盛餘,TSE
s246,2030,彰源,TSE
s247,2031,新光鋼,TSE
s248,2032,新鋼,TSE
s249,2033,佳大,TSE
s250,2034,允強,TSE
s251,2035,唐榮,OTC
s252,2038,海光,TSE
s253,2049,上銀,TSE
s254,2059,川湖,TSE
s255,2061,風青,OTC
s256,2062,橋椿,TSE
s257,2063,世鎧,OTC
s258,2064,晉椿,OTC
s259,2065,世豐,OTC
s260,2066,世德,OTC
s261,2067,嘉鋼,OTC
s262,2069,運錩,TSE
s263,2070,精湛,OTC
s264,2073,雄順,OTC
s265,2101,南港,TSE
s266,2102,泰豐,TSE
s267,2103,台橡,TSE
s268,2104,國際中橡,TSE
s269,2105,正新,TSE
s270,2106,建大,TSE
s271,2107,厚生,TSE
s272,2108,南帝,TSE
s273,2109,華豐,TSE
s274,2114,鑫永銓,TSE
s275,2115,六暉-KY,TSE
s276,2201,裕隆,TSE
s277,2204,中華,TSE
s278,2206,三陽工業,TSE
s279,2207,和泰車,TSE
s280,2208,台船,TSE
s281,2211,長榮鋼,TSE
s282,2221,大甲,OTC
s283,2227,裕日車,TSE
s284,2228,劍麟,TSE
s285,2230,泰茂,OTC
s286,2231,為升,TSE
s287,2233,宇隆,TSE
s288,2235,謚源,OTC
s289,2236,百達-KY,TSE
s290,2239,英利-KY,TSE
s291,2241,艾姆勒,TSE
s292,2243,宏旭-KY,TSE
s293,2247,汎德永業,TSE
s294,2250,IKKA-KY,TSE
s295,2301,光寶科,TSE
s296,2302,麗正,TSE
s297,2303,聯電,TSE
s298,2305,全友,TSE
s299,2308,台達電,TSE
s300,2312,金寶,TSE
s301,2313,華通,TSE
s302,2314,台揚,TSE
s303,2316,楠梓電,TSE
s304,2317,鴻海,TSE
s305,2321,東訊,TSE
s306,2323,中環,TSE
s307,2324,仁寶,TSE
s308,2327,國巨,TSE
s309,2328,廣宇,TSE
s310,2329,華泰,TSE
s311,2330,台積電,TSE
s312,2331,精英,TSE
s313,2332,友訊,TSE
s314,2337,旺宏,TSE
s315,2338,光罩,TSE
s316,2340,台亞,TSE
s317,2342,茂矽,TSE
s318,2344,華邦電,TSE
s319,2345,智邦,TSE
s320,2347,聯強,TSE
s321,2348,海悅,TSE
s322,2349,錸德,TSE
s323,2351,順德,TSE
s324,2352,佳世達,TSE
s325,2353,宏碁,TSE
s326,2354,鴻準,TSE
s327,2355,敬鵬,TSE
s328,2356,英業達,TSE
s329,2357,華碩,TSE
s330,2358,廷鑫,TSE
s331,2359,所羅門,TSE
s332,2360,致茂,TSE
s333,2362,藍天,TSE
s334,2363,矽統,TSE
s335,2364,倫飛,TSE
s336,2365,昆盈,TSE
s337,2367,燿華,TSE
s338,2368,金像電,TSE
s339,2369,菱生,TSE
s340,2371,大同,TSE
s341,2373,震旦行,TSE
s342,2374,佳能,TSE
s343,2375,凱美,TSE
s344,2376,技嘉,TSE
s345,2377,微星,TSE
s346,2379,瑞昱,TSE
s347,2380,虹光,TSE
s348,2382,廣達,TSE
s349,2383,台光電,TSE
s350,2385,群光,TSE
s351,2387,精元,TSE
s352,2388,威盛,TSE
s353,2390,云辰,TSE
s354,2392,正崴,TSE
s355,2393,億光,TSE
s356,2395,研華,TSE
s357,2397,友通,TSE
s358,2399,映泰,TSE
s359,2401,凌陽,TSE
s360,2402,毅嘉,TSE
s361,2404,漢唐,TSE
s362,2405,輔信,TSE
s363,2406,國碩,TSE
s364,2408,南亞科,TSE
s365,2409,友達,TSE
s366,2412,中華電,TSE
s367,2413,環科,TSE
s368,2414,精技,TSE
s369,2415,錩新,TSE
s370,2417,圓剛,TSE
s371,2419,仲琦,TSE
s372,2420,新巨,TSE
s373,2421,建準,TSE
s374,2423,固緯,TSE
s375,2424,隴華,TSE
s376,2425,承啟,TSE
s377,2426,鼎元,TSE
s378,2427,三商電,TSE
s379,2428,興勤,TSE
s380,2429,銘旺科,TSE
s381,2430,燦坤,TSE
s382,2431,聯昌,TSE
s383,2433,互盛電,TSE
s384,2434,統懋,TSE
s385,2436,偉詮電,TSE
s386,2438,翔耀,TSE
s387,2439,美律,TSE
s388,2440,太空梭,TSE
s389,2441,超豐,TSE
s390,2442,新美齊,TSE
s391,2443,昶虹,TSE
s392,2444,兆勁,TSE
s393,2449,京元電子,TSE
s394,2450,神腦,TSE
s395,2451,創見,TSE
s396,2453,凌群,TSE
s397,2454,聯發科,TSE
s398,2455,全新,TSE
s399,2457,飛宏,TSE
s400,2458,義隆,TSE
s401,2459,敦吉,TSE
s402,2460,建通,TSE
s403,2461,光群雷,TSE
s404,2462,良得電,TSE
s405,2464,盟立,TSE
s406,2465,麗臺,TSE
s407,2466,冠西電,TSE
s408,2467,志聖,TSE
s409,2468,華經,TSE
s410,2471,資通,TSE
s411,2472,立隆電,TSE
s412,2474,可成,TSE
s413,2476,鉅祥,TSE
s414,2477,美隆電,TSE
s415,2478,大毅,TSE
s416,2480,敦陽科,TSE
s417,2481,強茂,TSE
s418,2482,連宇,TSE
s419,2483,百容,TSE
s420,2484,希華,TSE
s421,2485,兆赫,TSE
s422,2486,一詮,TSE
s423,2488,漢平,TSE
s424,2489,瑞軒,TSE
s425,2491,吉祥全,TSE
s426,2492,華新科,TSE
s427,2493,揚博,TSE
s428,2495,普安,TSE
s429,2496,卓越,TSE
s430,2497,怡利電,TSE
s431,2498,宏達電,TSE
s432,2501,國建,TSE
s433,2504,國產,TSE
s434,2505,國揚,TSE
s435,2506,太設,TSE
s436,2509,全坤建,TSE
s437,2511,太子,TSE
s438,2514,龍邦,TSE
s439,2515,中工,TSE
s440,2516,新建,TSE
s441,2520,冠德,TSE
s442,2524,京城,TSE
s443,2527,宏璟,TSE
s444,2528,皇普,TSE
s445,2530,華建,TSE
s446,2534,宏盛,TSE
s447,2535,達欣工,TSE
s448,2536,宏普,TSE
s449,2537,聯上發,TSE
s450,2538,基泰,TSE
s451,2539,櫻花建,TSE
s452,2540,愛山林,TSE
s453,2542,興富發,TSE
s454,2543,皇昌,TSE
s455,2545,皇翔,TSE
s456,2546,根基,TSE
s457,2547,日勝生,TSE
s458,2548,華固,TSE
s459,2596,綠意,OTC
s460,2597,潤弘,TSE
s461,2601,益航,TSE
s462,2603,長榮,TSE
s463,2605,新興,TSE
s464,2606,裕民,TSE
s465,2607,榮運,TSE
s466,2608,嘉里大榮,TSE
s467,2609,陽明,TSE
s468,2610,華航,TSE
s469,2611,志信,TSE
s470,2612,中航,TSE
s471,2613,中櫃,TSE
s472,2614,東森,TSE
s473,2615,萬海,TSE
s474,2616,山隆,TSE
s475,2617,台航,TSE
s476,2618,長榮航,TSE
s477,2630,亞航,TSE
s478,2633,台灣高鐵,TSE
s479,2634,漢翔,TSE
s480,2636,台驊投控,TSE
s481,2637,慧洋-KY,TSE
s482,2640,大車隊,OTC
s483,2641,正德,OTC
s484,2642,宅配通,TSE
s485,2643,捷迅,OTC
s486,2645,長榮航太,TSE
s487,2701,萬企,TSE
s488,2702,華園,TSE
s489,2704,國賓,TSE
s490,2705,六福,TSE
s491,2706,第一店,TSE
s492,2707,晶華,TSE
s493,2712,遠雄來,TSE
s494,2718,晶悅,OTC
s495,2719,燦星旅,OTC
s496,2722,夏都,TSE
s497,2723,美食-KY,TSE
s498,2724,藝舍-KY,OTC
s499,2726,雅茗-KY,OTC
s500,2727,王品,TSE
s501,2729,瓦城,OTC
s502,2731,雄獅,TSE
s503,2732,六角,OTC
s504,2734,易飛網,OTC
s505,2736,富野,OTC
s506,2739,寒舍,TSE
s507,2740,天蔥,OTC
s508,2743,山富,OTC
s509,2745,五福,OTC
s510,2748,雲品,TSE
s511,2752,豆府,OTC
s512,2753,八方雲集,TSE
s513,2754,亞洲藏壽司,OTC
s514,2755,揚秦,OTC
s515,2756,聯發國際,OTC
s516,2762,世界健身-KY,TSE
s517,2801,彰銀,TSE
s518,2809,京城銀,TSE
s519,2812,台中銀,TSE
s520,2816,旺旺保,TSE
s521,2820,華票,TSE
s522,2832,台產,TSE
s523,2834,臺企銀,TSE
s524,2836,高雄銀,TSE
s525,2838,聯邦銀,TSE
s526,2845,遠東銀,TSE
s527,2849,安泰銀,TSE
s528,2850,新產,TSE
s529,2851,中再保,TSE
s530,2852,第一保,TSE
s531,2855,統一證,TSE
s532,2867,三商壽,TSE
s533,2880,華南金,TSE
s534,2881,富邦金,TSE
s535,2882,國泰金,TSE
s536,2883,開發金,TSE
s537,2884,玉山金,TSE
s538,2885,元大金,TSE
s539,2886,兆豐金,TSE
s540,2887,台新金,TSE
s541,2888,新光金,TSE
s542,2889,國票金,TSE
s543,2890,永豐金,TSE
s544,2891,中信金,TSE
s545,2892,第一金,TSE
s546,2897,王道銀行,TSE
s547,2901,欣欣,TSE
s548,2903,遠百,TSE
s549,2904,匯僑,TSE
s550,2905,三商,TSE
s551,2906,高林,TSE
s552,2908,特力,TSE
s553,2910,統領,TSE
s554,2911,麗嬰房,TSE
s555,2912,統一超,TSE
s556,2913,農林,TSE
s557,2915,潤泰全,TSE
s558,2916,滿心,OTC
s559,2923,鼎固-KY,TSE
s560,2924,宏太-KY,OTC
s561,2926,誠品生活,OTC
s562,2929,淘帝-KY,TSE
s563,2937,集雅社,OTC
s564,2939,凱羿-KY,TSE
s565,2945,三商家購,TSE
s566,2947,振宇五金,OTC
s567,2948,寶陞,OTC
s568,2949,欣新網,OTC
s569,3002,歐格,TSE
s570,3003,健和興,TSE
s571,3004,豐達科,TSE
s572,3005,神基,TSE
s573,3006,晶豪科,TSE
s574,3008,大立光,TSE
s575,3010,華立,TSE
s576,3011,今皓,TSE
s577,3013,晟銘電,TSE
s578,3014,聯陽,TSE
s579,3015,全漢,TSE
s580,3016,嘉晶,TSE
s581,3017,奇鋐,TSE
s582,3018,隆銘綠能,TSE
s583,3019,亞光,TSE
s584,3021,鴻名,TSE
s585,3022,威強電,TSE
s586,3023,信邦,TSE
s587,3024,憶聲,TSE
s588,3025,星通,TSE
s589,3026,禾伸堂,TSE
s590,3027,盛達,TSE
s591,3028,增你強,TSE
s592,3029,零壹,TSE
s593,3030,德律,TSE
s594,3031,佰鴻,TSE
s595,3032,偉訓,TSE
s596,3033,威健,TSE
s597,3034,聯詠,TSE
s598,3035,智原,TSE
s599,3036,文曄,TSE
s600,3037,欣興,TSE
s601,3038,全台,TSE
s602,3040,遠見,TSE
s603,3041,揚智,TSE
s604,3042,晶技,TSE
s605,3043,科風,TSE
s606,3044,健鼎,TSE
s607,3045,台灣大,TSE
s608,3046,建碁,TSE
s609,3047,訊舟,TSE
s610,3048,益登,TSE
s611,3049,精金,TSE
s612,3050,鈺德,TSE
s613,3051,力特,TSE
s614,3052,夆典,TSE
s615,3054,立萬利,TSE
s616,3055,蔚華科,TSE
s617,3056,富華新,TSE
s618,3057,喬鼎,TSE
s619,3058,立德,TSE
s620,3059,華晶科,TSE
s621,3060,銘異,TSE
s622,3062,建漢,TSE
s623,3064,泰偉,OTC
s624,3066,李洲,OTC
s625,3067,全域,OTC
s626,3071,協禧,OTC
s627,3073,天方能源,OTC
s628,3078,僑威,OTC
s629,3081,聯亞,OTC
s630,3083,網龍,OTC
s631,3085,新零售,OTC
s632,3086,華義,OTC
s633,3088,艾訊,OTC
s634,3089,億杰,OTC
s635,3090,日電貿,TSE
s636,3092,鴻碩,TSE
s637,3093,港建*,OTC
s638,3094,聯傑,TSE
s639,3095,及成,OTC
s640,3105,穩懋,OTC
s641,3114,好德,OTC
s642,3115,富榮綱,OTC
s643,3118,進階,OTC
s644,3122,笙泉,OTC
s645,3128,昇銳,OTC
s646,3130,一零四,TSE
s647,3131,弘塑,OTC
s648,3138,耀登,TSE
s649,3141,晶宏,OTC
s650,3147,大綜,OTC
s651,3149,正達,TSE
s652,3152,璟德,OTC
s653,3162,精確,OTC
s654,3163,波若威,OTC
s655,3164,景岳,TSE
s656,3167,大量,TSE
s657,3169,亞信,OTC
s658,3171,新洲,OTC
s659,3176,基亞,OTC
s660,3178,公準,OTC
s661,3188,鑫龍騰,OTC
s662,3189,景碩,TSE
s663,3191,雲嘉南科技,OTC
s664,3202,樺晟,OTC
s665,3205,佰研,OTC
s666,3206,志豐,OTC
s667,3207,耀勝,OTC
s668,3209,全科,TSE
s669,3211,順達,OTC
s670,3213,茂訊,OTC
s671,3217,優群,OTC
s672,3218,大學光,OTC
s673,3219,倚強科,OTC
s674,3221,台嘉碩,OTC
s675,3224,三顧,OTC
s676,3226,至寶電,OTC
s677,3227,原相,OTC
s678,3228,金麗科,OTC
s679,3229,晟鈦,TSE
s680,3230,錦明,OTC
s681,3231,緯創,TSE
s682,3232,昱捷,OTC
s683,3234,光環,OTC
s684,3236,千如,OTC
s685,3252,海灣,OTC
s686,3257,虹冠電,TSE
s687,3259,鑫創,OTC
s688,3260,威剛,OTC
s689,3264,欣銓,OTC
s690,3265,台星科,OTC
s691,3266,昇陽,TSE
s692,3268,海德威,OTC
s693,3272,東碩,OTC
s694,3276,宇環,OTC
s695,3284,太普高,OTC
s696,3285,微端,OTC
s697,3287,廣寰科,OTC
s698,3288,點晶,OTC
s699,3289,宜特,OTC
s700,3290,東浦,OTC
s701,3293,鈊象,OTC
s702,3294,英濟,OTC
s703,3296,勝德,TSE
s704,3297,杭特,OTC
s705,3303,岱稜,OTC
s706,3305,昇貿,TSE
s707,3306,鼎天,OTC
s708,3308,聯德,TSE
s709,3310,佳穎,OTC
s710,3311,閎暉,TSE
s711,3312,弘憶股,TSE
s712,3313,斐成,OTC
s713,3317,尼克森,OTC
s714,3321,同泰,TSE
s715,3322,建舜電,OTC
s716,3323,加百裕,OTC
s717,3324,雙鴻,OTC
s718,3325,旭品,OTC
s719,3332,幸康,OTC
s720,3338,泰碩,TSE
s721,3339,泰谷,OTC
s722,3346,麗清,TSE
s723,3349,寶德,OTC
s724,3354,律勝,OTC
s725,3356,奇偶,TSE
s726,3357,臺慶科,OTC
s727,3360,尚立,OTC
s728,3362,先進光,OTC
s729,3363,上詮,OTC
s730,3372,典範,OTC
s731,3373,熱映,OTC
s732,3374,精材,OTC
s733,3376,新日興,TSE
s734,3379,彬台,OTC
s735,3380,明泰,TSE
s736,3388,崇越電,OTC
s737,3390,旭軟,OTC
s738,3402,漢科,OTC
s739,3406,玉晶光,TSE
s740,3413,京鼎,TSE
s741,3416,融程電,TSE
s742,3419,譁裕,TSE
s743,3426,台興,OTC
s744,3430,奇鈦科,OTC
s745,3432,台端,TSE
s746,3434,哲固,OTC
s747,3437,榮創,TSE
s748,3438,類比科,OTC
s749,3441,聯一光,OTC
s750,3443,創意,TSE
s751,3444,利機,OTC
s752,3447,展達,TSE
s753,3450,聯鈞,TSE
s754,3454,晶睿,TSE
s755,3455,由田,OTC
s756,3465,進泰電子,OTC
s757,3466,德晉,OTC
s758,3479,安勤,OTC
s759,3481,群創,TSE
s760,3483,力致,OTC
s761,3484,崧騰,OTC
s762,3489,森寶,OTC
s763,3490,單井,OTC
s764,3491,昇達科,OTC
s765,3492,長盛,OTC
s766,3494,誠研,TSE
s767,3498,陽程,OTC
s768,3499,環天科,OTC
s769,3501,維熹,TSE
s770,3504,揚明光,TSE
s771,3508,位速,OTC
s772,3511,矽瑪,OTC
s773,3512,皇龍,OTC
s774,3515,華擎,TSE
s775,3516,亞帝歐,OTC
s776,3518,柏騰,TSE
s777,3520,華盈,OTC
s778,3521,鴻翊,OTC
s779,3522,御頂,OTC
s780,3523,迎輝,OTC
s781,3526,凡甲,OTC
s782,3527,聚積,OTC
s783,3528,安馳,TSE
s784,3529,力旺,OTC
s785,3530,晶相光,TSE
s786,3531,先益,OTC
s787,3532,台勝科,TSE
s788,3533,嘉澤,TSE
s789,3535,晶彩科,TSE
s790,3537,堡達,OTC
s791,3540,曜越,OTC
s792,3541,西柏,OTC
s793,3543,州巧,TSE
s794,3545,敦泰,TSE
s795,3546,宇峻,OTC
s796,3548,兆利,OTC
s797,3550,聯穎,TSE
s798,3551,世禾,OTC
s799,3552,同致,OTC
s800,3555,博士旺,OTC
s801,3556,禾瑞亞,OTC
s802,3557,嘉威,TSE
s803,3558,神準,OTC
s804,3563,牧德,TSE
s805,3564,其陽,OTC
s806,3567,逸昌,OTC
s807,3570,大塚,OTC
s808,3576,聯合再生,TSE
s809,3577,泓格,OTC
s810,3580,友威科,OTC
s811,3581,博磊,OTC
s812,3583,辛耘,TSE
s813,3587,閎康,OTC
s814,3588,通嘉,TSE
s815,3591,艾笛森,TSE
s816,3592,瑞鼎,TSE
s817,3593,力銘,TSE
s818,3594,磐儀,OTC
s819,3596,智易,TSE
s820,3597,映興,OTC
s821,3605,宏致,TSE
s822,3607,谷崧,TSE
s823,3609,三一東林,OTC
s824,3611,鼎翰,OTC
s825,3615,安可,OTC
s826,3617,碩天,TSE
s827,3622,洋華,TSE
s828,3623,富晶通,OTC
s829,3624,光頡,OTC
s830,3625,西勝,OTC
s831,3628,盈正,OTC
s832,3629,地心引力,OTC
s833,3630,新鉅科,OTC
s834,3631,晟楠,OTC
s835,3632,研勤,OTC
s836,3645,達邁,TSE
s837,3646,艾恩特,OTC
s838,3652,精聯,TSE
s839,3653,健策,TSE
s840,3661,世芯-KY,TSE
s841,3663,鑫科,OTC
s842,3664,安瑞-KY,OTC
s843,3665,貿聯-KY,TSE
s844,3666,光耀,OTC
s845,3669,圓展,TSE
s846,3672,康聯訊,OTC
s847,3673,TPK-KY,TSE
s848,3675,德微,OTC
s849,3679,新至陞,TSE
s850,3680,家登,OTC
s851,3684,榮昌,OTC
s852,3685,元創精密,OTC
s853,3686,達能,TSE
s854,3687,歐買尬,OTC
s855,3689,湧德,OTC
s856,3691,碩禾,OTC
s857,3693,營邦,OTC
s858,3694,海華,TSE
s859,3701,大眾控,TSE
s860,3702,大聯大,TSE
s861,3703,欣陸,TSE
s862,3704,合勤控,TSE
s863,3705,永信,TSE
s864,3706,神達,TSE
s865,3707,漢磊,OTC
s866,3708,上緯投控,TSE
s867,3709,鑫聯大投控,OTC
s868,3710,連展投控,OTC
s869,3711,日月光投控,TSE
s870,3712,永崴投控,TSE
s871,3713,新晶投控,OTC
s872,3714,富采,TSE
s873,3715,定穎投控,TSE
s874,4102,永日,OTC
s875,4104,佳醫,TSE
s876,4105,東洋,OTC
s877,4106,雃博,TSE
s878,4107,邦特,OTC
s879,4108,懷特,TSE
s880,4109,加捷生醫,OTC
s881,4111,濟生,OTC
s882,4113,聯上,OTC
s883,4114,健喬,OTC
s884,4116,明基醫,OTC
s885,4119,旭富,TSE
s886,4120,友華,OTC
s887,4121,優盛,OTC
s888,4123,晟德,OTC
s889,4126,太醫,OTC
s890,4127,天良,OTC
s891,4128,中天,OTC
s892,4129,聯合,OTC
s893,4130,健亞,OTC
s894,4131,浩泰,OTC
s895,4133,亞諾法,TSE
s896,4137,麗豐-KY,TSE
s897,4138,曜亞,OTC
s898,4139,馬光-KY,OTC
s899,4142,國光生,TSE
s900,4147,中裕,OTC
s901,4148,全宇生技-KY,TSE
s902,4153,鈺緯,OTC
s903,4154,樂威科-KY,OTC
s904,4155,訊映,TSE
s905,4157,太景*-KY,OTC
s906,4160,訊聯基因,OTC
s907,4161,聿新科,OTC
s908,4162,智擎,OTC
s909,4163,鐿鈦,OTC
s910,4164,承業醫,TSE
s911,4167,松瑞藥,OTC
s912,4168,醣聯,OTC
s913,4171,瑞基,OTC
s914,4173,久裕,OTC
s915,4174,浩鼎,OTC
s916,4175,杏一,OTC
s917,4183,福永生技,OTC
s918,4188,安克,OTC
s919,4190,佐登-KY,TSE
s920,4192,杏國,OTC
s921,4198,欣大健康,OTC
s922,4205,中華食,OTC
s923,4207,環泰,OTC
s924,4303,信立,OTC
s925,4304,勝昱,OTC
s926,4305,世坤,OTC
s927,4306,炎洲,TSE
s928,4401,東隆興,OTC
s929,4402,福大,OTC
s930,4406,新昕纖,OTC
s931,4413,飛寶企業,OTC
s932,4414,如興,TSE
s933,4416,三圓,OTC
s934,4417,金洲,OTC
s935,4419,元勝,OTC
s936,4420,光明,OTC
s937,4426,利勤,TSE
s938,4430,耀億,OTC
s939,4432,銘旺實,OTC
s940,4433,興采,OTC
s941,4438,廣越,TSE
s942,4439,冠星-KY,TSE
s943,4440,宜新實業,TSE
s944,4442,竣邦-KY,OTC
s945,4502,健信,OTC
s946,4503,金雨,OTC
s947,4506,崇友,OTC
s948,4510,高鋒,OTC
s949,4513,福裕,OTC
s950,4523,永彰,OTC
s951,4526,東台,TSE
s952,4527,方方土霖,OTC
s953,4528,江興鍛,OTC
s954,4529,淳紳,OTC
s955,4530,宏易,OTC
s956,4532,瑞智,TSE
s957,4533,協易機,OTC
s958,4534,慶騰,OTC
s959,4535,至興,OTC
s960,4536,拓凱,TSE
s961,4538,大詠城,OTC
s962,4540,全球傳動,TSE
s963,4541,晟田,OTC
s964,4542,科嶠,OTC
s965,4543,萬在,OTC
s966,4545,銘鈺,TSE
s967,4549,桓達,OTC
s968,4550,長佳,OTC
s969,4551,智伸科,TSE
s970,4552,力達-KY,TSE
s971,4554,橙的,OTC
s972,4555,氣立,TSE
s973,4556,旭然,OTC
s974,4557,永新-KY,TSE
s975,4558,寶緯,OTC
s976,4560,強信-KY,TSE
s977,4561,健椿,OTC
s978,4562,穎漢,TSE
s979,4563,百德,OTC
s980,4564,元翎,TSE
s981,4566,時碩工業,TSE
s982,4568,科際精密,OTC
s983,4569,六方科-KY,TSE
s984,4571,鈞興-KY,TSE
s985,4572,駐龍,TSE
s986,4576,大銀微系統,TSE
s987,4577,達航科技,OTC
s988,4580,捷流閥業,OTC
s989,4581,光隆精密-KY,TSE
s990,4583,台灣精銳,TSE
s991,4584,君帆,OTC
s992,4588,玖鼎電力,TSE
s993,4609,唐鋒,OTC
s994,4702,中美實,OTC
s995,4706,大恭,OTC
s996,4707,磐亞,OTC
s997,4711,永純,OTC
s998,4712,福格創新,OTC
s999,4714,永捷,OTC
s1000,4716,大立,OTC
s1001,4720,德淵,TSE
s1002,4721,美琪瑪,OTC
s1003,4722,國精化,TSE
s1004,4726,永昕,OTC
s1005,4728,雙美,OTC
s1006,4729,熒茂,OTC
s1007,4735,豪展,OTC
s1008,4736,泰博,TSE
s1009,4737,華廣,TSE
s1010,4739,康普,TSE
s1011,4741,泓瀚,OTC
s1012,4743,合一,OTC
s1013,4744,皇將,OTC
s1014,4745,合富-KY,OTC
s1015,4746,台耀,TSE
s1016,4747,強生,OTC
s1017,4754,國碳科,OTC
s1018,4755,三福化,TSE
s1019,4760,勤凱,OTC
s1020,4763,材料-KY,TSE
s1021,4764,雙鍵,TSE
s1022,4766,南寶,TSE
s1023,4767,誠泰科技,OTC
s1024,4768,晶呈科技,OTC
s1025,4770,上品,TSE
s1026,4804,大略-KY,OTC
s1027,4806,昇華,OTC
s1028,4807,日成-KY,TSE
s1029,4903,聯光通,OTC
s1030,4904,遠傳,TSE
s1031,4905,台聯電,OTC
s1032,4906,正文,TSE
s1033,4907,富宇,OTC
s1034,4908,前鼎,OTC
s1035,4909,新復興,OTC
s1036,4911,德英,OTC
s1037,4912,聯德控股-KY,TSE
s1038,4915,致伸,TSE
s1039,4916,事欣科,TSE
s1040,4919,新唐,TSE
s1041,4923,力士,OTC
s1042,4924,欣厚-KY,OTC
s1043,4927,泰鼎-KY,TSE
s1044,4930,燦星網,TSE
s1045,4931,新盛力,OTC
s1046,4933,友輝,OTC
s1047,4934,太極,TSE
s1048,4935,茂林-KY,TSE
s1049,4938,和碩,TSE
s1050,4939,亞電,OTC
s1051,4942,嘉彰,TSE
s1052,4943,康控-KY,TSE
s1053,4945,陞達科技,OTC
s1054,4946,辣椒,OTC
s1055,4950,牧東,OTC
s1056,4951,精拓科,OTC
s1057,4952,凌通,TSE
s1058,4953,緯軟,OTC
s1059,4956,光鋐,TSE
s1060,4958,臻鼎-KY,TSE
s1061,4960,誠美材,TSE
s1062,4961,天鈺,TSE
s1063,4966,譜瑞-KY,OTC
s1064,4967,十銓,TSE
s1065,4968,立積,TSE
s1066,4971,IET-KY,OTC
s1067,4972,湯石照明,OTC
s1068,4973,廣穎,OTC
s1069,4974,亞泰,OTC
s1070,4976,佳凌,TSE
s1071,4977,眾達-KY,TSE
s1072,4979,華星光,OTC
s1073,4987,科誠,OTC
s1074,4989,榮科,TSE
s1075,4991,環宇-KY,OTC
s1076,4994,傳奇,TSE
s1077,4995,晶達,OTC
s1078,4999,鑫禾,TSE
s1079,5007,三星,TSE
s1080,5009,榮剛,OTC
s1081,5011,久陽,OTC
s1082,5013,強新,OTC
s1083,5014,建錩,OTC
s1084,5015,華祺,OTC
s1085,5016,松和,OTC
s1086,5201,凱衛,OTC
s1087,5202,力新,OTC
s1088,5203,訊連,TSE
s1089,5205,中茂,OTC
s1090,5206,坤悅,OTC
s1091,5209,新鼎,OTC
s1092,5210,寶碩,OTC
s1093,5211,蒙恬,OTC
s1094,5212,凌網,OTC
s1095,5213,亞昕,OTC
s1096,5215,科嘉-KY,TSE
s1097,5220,萬達光電,OTC
s1098,5222,全訊,TSE
s1099,5223,安力-KY,OTC
s1100,5225,東科-KY,TSE
s1101,5227,立凱-KY,OTC
s1102,5228,鈺鎧,OTC
s1103,5230,雷笛克光學,OTC
s1104,5234,達興材料,TSE
s1105,5236,凌陽創新,OTC
s1106,5243,乙盛-KY,TSE
s1107,5244,弘凱,TSE
s1108,5245,智晶,OTC
s1109,5251,天鉞電,OTC
s1110,5258,虹堡,TSE
s1111,5263,智崴,OTC
s1112,5269,祥碩,TSE
s1113,5272,笙科,OTC
s1114,5274,信驊,OTC
s1115,5276,達輝-KY,OTC
s1116,5278,尚凡,OTC
s1117,5283,禾聯碩,TSE
s1118,5284,jpp-KY,TSE
s1119,5285,界霖,TSE
s1120,5287,數字,OTC
s1121,5288,豐祥-KY,TSE
s1122,5289,宜鼎,OTC
s1123,5291,邑昇,OTC
s1124,5292,華懋,TSE
s1125,5299,杰力,OTC
s1126,5301,寶得利,OTC
s1127,5302,太欣,OTC
s1128,5306,桂盟,TSE
s1129,5309,系統電,OTC
s1130,5310,天剛,OTC
s1131,5312,寶島科,OTC
s1132,5314,世紀,OTC
s1133,5315,光聯,OTC
s1134,5321,美而快,OTC
s1135,5324,士開,OTC
s1136,5328,華容,OTC
s1137,5340,建榮,OTC
s1138,5344,立衛,OTC
s1139,5345,天揚,OTC
s1140,5347,世界,OTC
s1141,5348,正能量智能,OTC
s1142,5351,鈺創,OTC
s1143,5353,台林,OTC
s1144,5355,佳總,OTC
s1145,5356,協益,OTC
s1146,5364,力麗店,OTC
s1147,5371,中光電,OTC
s1148,5381,合正,OTC
s1149,5383,金利,OTC
s1150,5386,青雲,OTC
s1151,5388,中磊,TSE
s1152,5392,能率,OTC
s1153,5398,慕康生醫,OTC
s1154,5403,中菲,OTC
s1155,5410,國眾,OTC
s1156,5425,台半,OTC
s1157,5426,振發,OTC
s1158,5432,新門,OTC
s1159,5434,崇越,TSE
s1160,5438,東友,OTC
s1161,5439,高技,OTC
s1162,5443,均豪,OTC
s1163,5450,南良,OTC
s1164,5452,佶優,OTC
s1165,5455,昇益,OTC
s1166,5457,宣德,OTC
s1167,5460,同協,OTC
s1168,5464,霖宏,OTC
s1169,5465,富驊,OTC
s1170,5468,凱鈺,OTC
s1171,5469,瀚宇博,TSE
s1172,5471,松翰,TSE
s1173,5474,聰泰,OTC
s1174,5475,德宏,OTC
s1175,5478,智冠,OTC
s1176,5481,新華,OTC
s1177,5483,中美晶,OTC
s1178,5484,慧友,TSE
s1179,5487,通泰,OTC
s1180,5488,松普,OTC
s1181,5489,彩富,OTC
s1182,5490,同亨,OTC
s1183,5493,三聯,OTC
s1184,5498,凱崴,OTC
s1185,5508,永信建,OTC
s1186,5511,德昌,OTC
s1187,5512,力麒,OTC
s1188,5514,三豐,OTC
s1189,5515,建國,TSE
s1190,5516,雙喜,OTC
s1191,5519,隆大,TSE
s1192,5520,力泰,OTC
s1193,5521,工信,TSE
s1194,5522,遠雄,TSE
s1195,5523,豐謙,OTC
s1196,5525,順天,TSE
s1197,5529,鉅陞,OTC
s1198,5530,龍巖,OTC
s1199,5531,鄉林,TSE
s1200,5533,皇鼎,TSE
s1201,5534,長虹,TSE
s1202,5536,聖暉*,OTC
s1203,5538,東明-KY,TSE
s1204,5543,桓鼎-KY,OTC
s1205,5546,永固-KY,TSE
s1206,5601,台聯櫃,OTC
s1207,5603,陸海,OTC
s1208,5604,中連,OTC
s1209,5607,遠雄港,TSE
s1210,5608,四維航,TSE
s1211,5609,中菲行,OTC
s1212,5701,劍湖山,OTC
s1213,5703,亞都,OTC
s1214,5704,老爺知,OTC
s1215,5706,鳳凰,TSE
s1216,5864,致和證,OTC
s1217,5871,中租-KY,TSE
s1218,5876,上海商銀,TSE
s1219,5878,台名,OTC
s1220,5880,合庫金,TSE
s1221,5902,德記,OTC
s1222,5903,全家,OTC
s1223,5904,寶雅,OTC
s1224,5905,南仁湖,OTC
s1225,5906,台南-KY,TSE
s1226,5907,大洋-KY,TSE
s1227,6005,群益證,TSE
s1228,6015,宏遠證,OTC
s1229,6016,康和證,OTC
s1230,6020,大展證,OTC
s1231,6021,美好證,OTC
s1232,6023,元大期,OTC
s1233,6024,群益期,TSE
s1234,6026,福邦證,OTC
s1235,6101,寬魚國際,OTC
s1236,6103,合邦,OTC
s1237,6104,創惟,OTC
s1238,6108,競國,TSE
s1239,6109,亞元,OTC
s1240,6111,大宇資,OTC
s1241,6112,邁達特,TSE
s1242,6113,亞矽,OTC
s1243,6114,久威,OTC
s1244,6115,鎰勝,TSE
s1245,6116,彩晶,TSE
s1246,6117,迎廣,TSE
s1247,6118,建達,OTC
s1248,6120,達運,TSE
s1249,6121,新普,OTC
s1250,6122,擎邦,OTC
s1251,6123,上奇,OTC
s1252,6124,業強,OTC
s1253,6125,廣運,OTC
s1254,6126,信音,OTC
s1255,6127,九豪,OTC
s1256,6128,上福,TSE
s1257,6129,普誠,OTC
s1258,6130,上亞科技,OTC
s1259,6133,金橋,TSE
s1260,6134,萬旭,OTC
s1261,6136,富爾特,TSE
s1262,6138,茂達,OTC
s1263,6139,亞翔,TSE
s1264,6140,訊達,OTC
s1265,6141,柏承,TSE
s1266,6142,友勁,TSE
s1267,6143,振曜,OTC
s1268,6144,得利影,OTC
s1269,6146,耕興,OTC
s1270,6147,頎邦,OTC
s1271,6148,驊宏資,OTC
s1272,6150,撼訊,OTC
s1273,6151,晉倫,OTC
s1274,6152,百一,TSE
s1275,6153,嘉聯益,TSE
s1276,6154,順發,OTC
s1277,6155,鈞寶,TSE
s1278,6156,松上,OTC
s1279,6158,禾昌,OTC
s1280,6160,欣技,OTC
s1281,6161,捷波,OTC
s1282,6163,華電網,OTC
s1283,6164,華興,TSE
s1284,6165,浪凡,TSE
s1285,6166,凌華,TSE
s1286,6167,久正,OTC
s1287,6168,宏齊,TSE
s1288,6169,昱泉,OTC
s1289,6170,統振,OTC
s1290,6171,大城地產,OTC
s1291,6173,信昌電,OTC
s1292,6174,安碁,OTC
s1293,6175,立敦,OTC
s1294,6176,瑞儀,TSE
s1295,6177,達麗,TSE
s1296,6179,亞通,OTC
s1297,6180,橘子,OTC
s1298,6182,合晶,OTC
s1299,6183,關貿,TSE
s1300,6184,大豐電,TSE
s1301,6185,幃翔,OTC
s1302,6186,新潤,OTC
s1303,6187,萬潤,OTC
s1304,6188,廣明,OTC
s1305,6189,豐藝,TSE
s1306,6190,萬泰科,OTC
s1307,6191,精成科,TSE
s1308,6192,巨路,TSE
s1309,6194,育富,OTC
s1310,6195,詩肯,OTC
s1311,6196,帆宣,TSE
s1312,6197,佳必琪,TSE
s1313,6198,瑞築,OTC
s1314,6199,天品,OTC
s1315,6201,亞弘電,TSE
s1316,6202,盛群,TSE
s1317,6203,海韻電,OTC
s1318,6204,艾華,OTC
s1319,6205,詮欣,TSE
s1320,6206,飛捷,TSE
s1321,6207,雷科,OTC
s1322,6208,日揚,OTC
s1323,6209,今國光,TSE
s1324,6210,慶生,OTC
s1325,6212,理銘,OTC
s1326,6213,聯茂,TSE
s1327,6214,精誠,TSE
s1328,6215,和椿,TSE
s1329,6216,居易,TSE
s1330,6217,中探針,OTC
s1331,6218,豪勉,OTC
s1332,6219,富旺,OTC
s1333,6220,岳豐,OTC
s1334,6221,晉泰,OTC
s1335,6222,上揚,OTC
s1336,6223,旺矽,OTC
s1337,6224,聚鼎,TSE
s1338,6225,天瀚,TSE
s1339,6226,光鼎,TSE
s1340,6227,茂綸,OTC
s1341,6228,全譜,OTC
s1342,6229,研通,OTC
s1343,6230,尼得科超眾,TSE
s1344,6231,系微,OTC
s1345,6233,旺玖,OTC
s1346,6234,高僑,OTC
s1347,6235,華孚,TSE
s1348,6236,中湛,OTC
s1349,6237,驊訊,OTC
s1350,6239,力成,TSE
s1351,6240,松崗,OTC
s1352,6241,易通展,OTC
s1353,6242,立康,OTC
s1354,6243,迅杰,TSE
s1355,6244,茂迪,OTC
s1356,6245,立端,OTC
s1357,6246,臺龍,OTC
s1358,6248,沛波,OTC
s1359,6257,矽格,TSE
s1360,6259,百徽,OTC
s1361,6261,久元,OTC
s1362,6263,普萊德,OTC
s1363,6264,富裔,OTC
s1364,6265,方土昶,OTC
s1365,6266,泰詠,OTC
s1366,6269,台郡,TSE
s1367,6270,倍微,OTC
s1368,6271,同欣電,TSE
s1369,6274,台燿,OTC
s1370,6275,元山,OTC
s1371,6276,安鈦克,OTC
s1372,6277,宏正,TSE
s1373,6278,台表科,TSE
s1374,6279,胡連,OTC
s1375,6281,全國電,TSE
s1376,6282,康舒,TSE
s1377,6283,淳安,TSE
s1378,6284,佳邦,OTC
s1379,6285,啟碁,TSE
s1380,6287,元隆,OTC
s1381,6288,聯嘉,TSE
s1382,6290,良維,OTC
s1383,6291,沛亨,OTC
s1384,6292,迅德,OTC
s1385,6294,智基,OTC
s1386,6404,通訊-KY,OTC
s1387,6405,悅城,TSE
s1388,6409,旭隼,TSE
s1389,6411,晶焱,OTC
s1390,6412,群電,TSE
s1391,6414,樺漢,TSE
s1392,6415,矽力*-KY,TSE
s1393,6416,瑞祺電通,TSE
s1394,6417,韋僑,OTC
s1395,6418,詠昇,OTC
s1396,6419,京晨科,OTC
s1397,6425,易發,OTC
s1398,6426,統新,TSE
s1399,6431,光麗-KY,TSE
s1400,6432,今展科,OTC
s1401,6435,大中,OTC
s1402,6438,迅得,TSE
s1403,6441,廣錠,OTC
s1404,6442,光聖,TSE
s1405,6443,元晶,TSE
s1406,6446,藥華藥,TSE
s1407,6449,鈺邦,TSE
s1408,6451,訊芯-KY,TSE
s1409,6456,GIS-KY,TSE
s1410,6457,紘康,OTC
s1411,6461,益得,OTC
s1412,6462,神盾,OTC
s1413,6464,台數科,TSE
s1414,6465,威潤,OTC
s1415,6469,大樹,OTC
s1416,6470,宇智,OTC
s1417,6472,保瑞,TSE
s1418,6477,安集,TSE
s1419,6482,弘煜科,OTC
s1420,6485,點序,OTC
s1421,6486,互動,OTC
s1422,6488,環球晶,OTC
s1423,6491,晶碩,TSE
s1424,6492,生華科,OTC
s1425,6494,九齊,OTC
s1426,6496,科懋,OTC
s1427,6499,益安,OTC
s1428,6504,南六,TSE
s1429,6505,台塑化,TSE
s1430,6506,雙邦,OTC
s1431,6508,惠光,OTC
s1432,6509,聚和,OTC
s1433,6510,精測,OTC
s1434,6512,啟發電,OTC
s1435,6514,芮特-KY,OTC
s1436,6515,穎崴,TSE
s1437,6516,勤崴國際,OTC
s1438,6517,保勝光學,OTC
s1439,6523,達爾膚,OTC
s1440,6525,捷敏-KY,TSE
s1441,6526,達發,TSE
s1442,6527,明達醫,OTC
s1443,6530,創威,OTC
s1444,6531,愛普*,TSE
s1445,6532,瑞耘,OTC
s1446,6533,晶心科,TSE
s1447,6535,順藥,OTC
s1448,6538,倉和,OTC
s1449,6541,泰福-KY,TSE
s1450,6542,隆中,OTC
s1451,6546,正基,OTC
s1452,6547,高端疫苗,OTC
s1453,6548,長科*,OTC
s1454,6550,北極星藥業-KY,TSE
s1455,6552,易華電,TSE
s1456,6556,勝品,OTC
s1457,6558,興能高,TSE
s1458,6560,欣普羅,OTC
s1459,6561,是方,OTC
s1460,6568,宏觀,OTC
s1461,6569,醫揚,OTC
s1462,6570,維田,OTC
s1463,6573,虹揚-KY,TSE
s1464,6574,霈方,OTC
s1465,6576,逸達,OTC
s1466,6577,勁豐,OTC
s1467,6578,達邦蛋白,OTC
s1468,6579,研揚,TSE
s1469,6581,鋼聯,TSE
s1470,6582,申豐,TSE
s1471,6584,南俊國際,OTC
s1472,6585,鼎基,TSE
s1473,6588,東典,OTC
s1474,6589,台康生技,OTC
s1475,6590,普鴻,OTC
s1476,6591,動力-KY,TSE
s1477,6592,和潤企業,TSE
s1478,6593,台灣銘板,OTC
s1479,6596,寬宏藝術,OTC
s1480,6598,ABC-KY,TSE
s1481,6603,富強鑫,OTC
s1482,6605,帝寶,TSE
s1483,6606,建德工業,TSE
s1484,6609,瀧澤科,OTC
s1485,6612,奈米醫材,OTC
s1486,6613,朋億*,OTC
s1487,6615,慧智,OTC
s1488,6616,特昇-KY,OTC
s1489,6624,萬年清,OTC
s1490,6625,必應,TSE
s1491,6629,泰金-KY,OTC
s1492,6640,均華,OTC
s1493,6641,基士德-KY,TSE
s1494,6642,富致,OTC
s1495,6643,M31,OTC
s1496,6649,台生材,OTC
s1497,6651,全宇昕,OTC
s1498,6654,天正國際,OTC
s1499,6655,科定,TSE
s1500,6657,華安,TSE
s1501,6658,聯策,TSE
s1502,6661,威健生技,OTC
s1503,6662,樂斯科,OTC
s1504,6664,群翊,OTC
s1505,6666,羅麗芬-KY,TSE
s1506,6667,信紘科,OTC
s1507,6668,中揚光,TSE
s1508,6669,緯穎,TSE
s1509,6670,復盛應用,TSE
s1510,6671,三能-KY,TSE
s1511,6672,騰輝電子-KY,TSE
s1512,6674,鋐寶科技,TSE
s1513,6679,鈺太,OTC
s1514,6680,鑫創電子,OTC
s1515,6683,雍智科技,OTC
s1516,6684,安格,OTC
s1517,6689,伊雲谷,TSE
s1518,6690,安碁資訊,OTC
s1519,6691,洋基工程,TSE
s1520,6692,進能服,OTC
s1521,6693,廣閎科,OTC
s1522,6695,芯鼎,TSE
s1523,6697,東捷資訊,OTC
s1524,6698,旭暉應材,TSE
s1525,6703,軒郁,OTC
s1526,6706,惠特,TSE
s1527,6708,天擎,OTC
s1528,6712,長聖,OTC
s1529,6715,嘉基,TSE
s1530,6716,應廣,OTC
s1531,6719,力智,TSE
s1532,6721,信實,OTC
s1533,6727,亞泰金屬,OTC
s1534,6728,上洋,OTC
s1535,6732,昇佳電子,OTC
s1536,6733,博晟生醫,OTC
s1537,6735,美達科技,OTC
s1538,6741,91APP*-KY,OTC
s1539,6742,澤米,TSE
s1540,6743,安普新,TSE
s1541,6747,亨泰光,OTC
s1542,6751,智聯服務,OTC
s1543,6752,叡揚,OTC
s1544,6753,龍德造船,TSE
s1545,6754,匯僑設計,TSE
s1546,6756,威鋒電子,TSE
s1547,6761,穩得,OTC
s1548,6762,達亞,OTC
s1549,6763,綠界科技,OTC
s1550,6767,台微醫,OTC
s1551,6768,志強-KY,TSE
s1552,6770,力積電,TSE
s1553,6776,展碁國際,TSE
s1554,6781,AES-KY,TSE
s1555,6782,視陽,TSE
s1556,6785,昱展新藥,OTC
s1557,6788,華景電,OTC
s1558,6789,采鈺,TSE
s1559,6790,永豐實,TSE
s1560,6791,虎門科技,OTC
s1561,6792,詠業,TSE
s1562,6796,晉弘,TSE
s1563,6799,來頡,TSE
s1564,6803,崑鼎,OTC
s1565,6804,明係,OTC
s1566,6805,富世達,TSE
s1567,6806,森崴能源,TSE
s1568,6807,峰源-KY,TSE
s1569,6811,宏碁資訊,OTC
s1570,6821,聯寶,OTC
s1571,6823,濾能,OTC
s1572,6829,千附精密,OTC
s1573,6830,汎銓,TSE
s1574,6834,天二科技,TSE
s1575,6835,圓裕,TSE
s1576,6840,東研信超,OTC
s1577,6841,長佳智能,OTC
s1578,6843,進典,OTC
s1579,6846,綠茵,OTC
s1580,6855,數泓科,OTC
s1581,6856,鑫傳,OTC
s1582,6859,伯特光,OTC
s1583,6861,睿生光電,TSE
s1584,6863,永道-KY,TSE
s1585,6865,偉康科技,OTC
s1586,6870,騰雲,OTC
s1587,6874,倍力,OTC
s1588,6877,鏵友益,OTC
s1589,6894,衛司特,OTC
s1590,6895,宏碩系統,OTC
s1591,6901,鑽石投資,TSE
s1592,6904,伯鑫,OTC
s1593,6906,現觀科,TSE
s1594,6916,華凌,TSE
s1595,6922,宸曜,OTC
s1596,6933,AMAX-KY,TSE
s1597,6937,天虹,TSE
s1598,7402,邑錡,OTC
s1599,7556,意德士科技,OTC
s1600,8011,台通,TSE
s1601,8016,矽創,TSE
s1602,8021,尖點,TSE
s1603,8024,佑華,OTC
s1604,8027,鈦昇,OTC
s1605,8028,昇陽半導體,TSE
s1606,8032,光菱,OTC
s1607,8033,雷虎,TSE
s1608,8034,榮群,OTC
s1609,8038,長園科,OTC
s1610,8039,台虹,TSE
s1611,8040,九暘,OTC
s1612,8042,金山電,OTC
s1613,8043,蜜望實,OTC
s1614,8044,網家,OTC
s1615,8046,南電,TSE
s1616,8047,星雲,OTC
s1617,8048,德勝,OTC
s1618,8049,晶采,OTC
s1619,8050,廣積,OTC
s1620,8054,安國,OTC
s1621,8059,凱碩,OTC
s1622,8064,東捷,OTC
s1623,8066,來思達,OTC
s1624,8067,志旭,OTC
s1625,8068,全達,OTC
s1626,8069,元太,OTC
s1627,8070,長華*,TSE
s1628,8071,能率網通,OTC
s1629,8072,陞泰,TSE
s1630,8074,鉅橡,OTC
s1631,8076,伍豐,OTC
s1632,8077,洛碁,OTC
s1633,8080,印鉐,OTC
s1634,8081,致新,TSE
s1635,8083,瑞穎,OTC
s1636,8084,巨虹,OTC
s1637,8085,福華,OTC
s1638,8086,宏捷科,OTC
s1639,8087,華鎂鑫,OTC
s1640,8088,品安,OTC
s1641,8089,康全電訊,OTC
s1642,8091,翔名,OTC
s1643,8092,建暐,OTC
s1644,8093,保銳,OTC
s1645,8096,擎亞,OTC
s1646,8097,常珵,OTC
s1647,8099,大世科,OTC
s1648,8101,華冠,TSE
s1649,8103,瀚荃,TSE
s1650,8104,錸寶,TSE
s1651,8105,凌巨,TSE
s1652,8107,大億金茂,OTC
s1653,8109,博大,OTC
s1654,8110,華東,TSE
s1655,8111,立碁,OTC
s1656,8112,至上,TSE
s1657,8114,振樺電,TSE
s1658,8121,越峰,OTC
s1659,8131,福懋科,TSE
s1660,8147,正淩,OTC
s1661,8150,南茂,TSE
s1662,8155,博智,OTC
s1663,8163,達方,TSE
s1664,8171,天宇,OTC
s1665,8176,智捷,OTC
s1666,8182,加高,OTC
s1667,8183,精星,OTC
s1668,8201,無敵,TSE
s1669,8210,勤誠,TSE
s1670,8213,志超,TSE
s1671,8215,明基材,TSE
s1672,8222,寶一,TSE
s1673,8227,巨有科技,OTC
s1674,8234,新漢,OTC
s1675,8240,華宏,OTC
s1676,8249,菱光,TSE
s1677,8255,朋程,OTC
s1678,8261,富鼎,TSE
s1679,8271,宇瞻,TSE
s1680,8277,商丞,OTC
s1681,8279,生展,OTC
s1682,8284,三竹,OTC
s1683,8289,泰藝,OTC
s1684,8291,尚茂,OTC
s1685,8299,群聯,OTC
s1686,8341,日友,TSE
s1687,8342,益張,OTC
s1688,8349,恒耀,OTC
s1689,8354,冠好,OTC
s1690,8358,金居,OTC
s1691,8367,建新國際,TSE
s1692,8374,羅昇,TSE
s1693,8383,千附,OTC
s1694,8390,金益鼎,OTC
s1695,8401,白紗科,OTC
s1696,8403,盛弘,OTC
s1697,8404,百和興業-KY,TSE
s1698,8409,商之器,OTC
s1699,8410,森田,OTC
s1700,8411,福貞-KY,TSE
s1701,8415,大國鋼,OTC
s1702,8416,實威,OTC
s1703,8420,明揚,OTC
s1704,8421,旭源,OTC
s1705,8422,可寧衛,TSE
s1706,8423,保綠-KY,OTC
s1707,8424,惠普,OTC
s1708,8426,紅木-KY,OTC
s1709,8429,金麗-KY,TSE
s1710,8431,匯鑽科,OTC
s1711,8432,東生華,OTC
s1712,8433,弘帆,OTC
s1713,8435,鉅邁,OTC
s1714,8436,大江,OTC
s1715,8437,大地-KY,OTC
s1716,8438,昶昕,TSE
s1717,8440,綠電,OTC
s1718,8442,威宏-KY,TSE
s1719,8443,阿瘦,TSE
s1720,8444,綠河-KY,OTC
s1721,8446,華研,OTC
s1722,8450,霹靂,OTC
s1723,8454,富邦媒,TSE
s1724,8455,大拓-KY,OTC
s1725,8462,柏文,TSE
s1726,8463,潤泰材,TSE
s1727,8464,億豐,TSE
s1728,8466,美吉吉-KY,TSE
s1729,8467,波力-KY,TSE
s1730,8472,夠麻吉,OTC
s1731,8473,山林水,TSE
s1732,8476,台境,TSE
s1733,8477,創業家,OTC
s1734,8478,東哥遊艇,TSE
s1735,8481,政伸,TSE
s1736,8482,商億-KY,TSE
s1737,8488,吉源-KY,TSE
s1738,8489,三貝德,OTC
s1739,8499,鼎炫-KY,TSE
s1740,8905,裕國,OTC
s1741,8906,花王,OTC
s1742,8908,欣雄,OTC
s1743,8916,光隆,OTC
s1744,8917,欣泰,OTC
s1745,8921,沈氏,OTC
s1746,8923,時報,OTC
s1747,8924,大田,OTC
s1748,8926,台汽電,TSE
s1749,8927,北基,OTC
s1750,8928,鉅明,OTC
s1751,8929,富堡,OTC
s1752,8930,青鋼,OTC
s1753,8931,大汽電,OTC
s1754,8932,智通,OTC
s1755,8933,愛地雅,OTC
s1756,8935,邦泰,OTC
s1757,8936,國統,OTC
s1758,8937,合騏,OTC
s1759,8938,明安,OTC
s1760,8940,新天地,TSE
s1761,8941,關中,OTC
s1762,8942,森鉅,OTC
s1763,8996,高力,TSE
s1764,9103,美德醫療-DR,TSE
s1765,910322,康師傅-DR,TSE
s1766,9105,泰金寶-DR,TSE
s1767,910861,神州-DR,TSE
s1768,9110,越南控-DR,TSE
s1769,911608,明輝-DR,TSE
s1770,911622,泰聚亨-DR,TSE
s1771,911868,同方友友-DR,TSE
s1772,912000,晨訊科-DR,TSE
s1773,9136,巨騰-DR,TSE
s1774,9802,鈺齊-KY,TSE
s1775,9902,台火,TSE
s1776,9904,寶成,TSE
s1777,9905,大華,TSE
s1778,9906,欣巴巴,TSE
s1779,9907,統一實,TSE
s1780,9908,大台北,TSE
s1781,9910,豐泰,TSE
s1782,9911,櫻花,TSE
s1783,9912,偉聯,TSE
s1784,9914,美利達,TSE
s1785,9917,中保科,TSE
s1786,9918,欣天然,TSE
s1787,9919,康那香,TSE
s1788,9921,巨大,TSE
s1789,9924,福興,TSE
s1790,9925,新保,TSE
s1791,9926,新海,TSE
s1792,9927,泰銘,TSE
s1793,9928,中視,TSE
s1794,9929,秋雨,TSE
s1795,9930,中聯資源,TSE
s1796,9931,欣高,TSE
s1797,9933,中鼎,TSE
s1798,9934,成霖,TSE
s1799,9935,慶豐富,TSE
s1800,9937,全國,TSE
s1801,9938,百和,TSE
s1802,9939,宏全,TSE
s1803,9940,信義,TSE
s1804,9941,裕融,TSE
s1805,9942,茂順,TSE
s1806,9943,好樂迪,TSE
s1807,9944,新麗,TSE
s1808,9945,潤泰新,TSE
s1809,9946,三發地產,TSE
s1810,9949,琉園,OTC
s1811,9950,萬國通,OTC
s1812,9951,皇田,OTC
s1813,9955,佳龍,TSE
s1814,9958,世紀鋼,TSE
s1815,9960,邁達康,OTC
s1816,9962,有益,OTC
s1817,8406,金可-KY,OTC
s1818,6251,定穎,TSE
s1819,6890,來億-KY,TSE